{"accuracy": [0.5658776164054871, 0.5815095901489258, 0.5815095901489258, 0.5993747115135193, 0.6114336848258972, 0.6221527457237244, 0.6382313370704651, 0.6744081974029541, 0.6833407878875732, 0.7016525268554688, 0.7320232391357422, 0.7619472742080688, 0.7833854556083679, 0.8052701950073242, 0.8320679068565369, 0.8316212892532349, 0.8539526462554932, 0.856185793876648, 0.8825368285179138, 0.8811969757080078, 0.8852165937423706, 0.878070592880249, 0.9084412455558777, 0.9084412455558777, 0.9106743931770325, 0.9169272184371948, 0.9209468364715576, 0.9191603660583496, 0.9213934540748596, 0.9173738360404968, 0.9053148627281189, 0.9240732192993164, 0.9187136888504028, 0.9231799840927124, 0.9245198965072632, 0.915587306022644, 0.9182670712471008, 0.9129075407981873, 0.91469407081604, 0.9133541584014893, 0.9124609231948853, 0.9325591921806335, 0.9164806008338928, 0.9187136888504028, 0.915140688419342, 0.915140688419342, 0.9182670712471008, 0.9258597493171692, 0.9334524273872375, 0.9231799840927124], "loss": [1.2402747869491577, 1.2058662176132202, 1.2095797061920166, 1.1444132328033447, 1.1046615839004517, 1.0355666875839233, 0.9967655539512634, 0.915553867816925, 0.8861872553825378, 0.836537778377533, 0.7205312252044678, 0.6357317566871643, 0.6081404685974121, 0.5346847772598267, 0.44615697860717773, 0.433121919631958, 0.38454899191856384, 0.36425766348838806, 0.30656930804252625, 0.2922728955745697, 0.2827311158180237, 0.3122311532497406, 0.22002550959587097, 0.21517734229564667, 0.2082015722990036, 0.19527293741703033, 0.168335422873497, 0.17097249627113342, 0.18322308361530304, 0.1851223111152649, 0.231000155210495, 0.16505426168441772, 0.16722795367240906, 0.16338258981704712, 0.16110973060131073, 0.18424639105796814, 0.16447018086910248, 0.18139420449733734, 0.18439984321594238, 0.18965759873390198, 0.1729418933391571, 0.14380891621112823, 0.1659655123949051, 0.15802063047885895, 0.17628417909145355, 0.19554786384105682, 0.1634884476661682, 0.17478041350841522, 0.1391543596982956, 0.14227694272994995], "val_accuracy": [0.3813559412956238, 0.4067796468734741, 0.3813559412956238, 0.4067796468734741, 0.3644067943096161, 0.3813559412956238, 0.39830508828163147, 0.3813559412956238, 0.4661017060279846, 0.41525423526763916, 0.39830508828163147, 0.41525423526763916, 0.508474588394165, 0.44915252923965454, 0.4237288236618042, 0.4406779706478119, 0.4237288236618042, 0.4237288236618042, 0.43220338225364685, 0.43220338225364685, 0.4576271176338196, 0.4830508530139923, 0.39830508828163147, 0.43220338225364685, 0.4576271176338196, 0.4576271176338196, 0.41525423526763916, 0.39830508828163147, 0.41525423526763916, 0.4406779706478119, 0.43220338225364685, 0.4576271176338196, 0.4661017060279846, 0.4830508530139923, 0.4237288236618042, 0.44915252923965454, 0.4576271176338196, 0.4406779706478119, 0.35593220591545105, 0.4406779706478119, 0.3813559412956238, 0.4067796468734741, 0.41525423526763916, 0.41525423526763916, 0.38983049988746643, 0.41525423526763916, 0.4237288236618042, 0.4067796468734741, 0.39830508828163147, 0.38983049988746643], "val_loss": [1.8814747333526611, 1.7748894691467285, 1.9979617595672607, 1.740085244178772, 1.9059966802597046, 2.04382586479187, 2.0681912899017334, 2.1665000915527344, 2.0228569507598877, 1.9906834363937378, 2.3528685569763184, 2.2210819721221924, 2.0028233528137207, 2.6644320487976074, 2.9756174087524414, 2.563075542449951, 2.619410276412964, 2.5945987701416016, 3.344024658203125, 3.112138509750366, 2.9244039058685303, 2.796566963195801, 3.0970122814178467, 3.081942558288574, 3.1499736309051514, 2.976407051086426, 4.294381141662598, 3.4485270977020264, 3.411893606185913, 3.625044822692871, 3.0675625801086426, 3.4758524894714355, 3.5963423252105713, 3.4036450386047363, 4.078493118286133, 4.001226902008057, 3.2867870330810547, 3.6901919841766357, 3.3289201259613037, 3.3576600551605225, 3.5912396907806396, 4.112227439880371, 3.5599122047424316, 4.23669958114624, 4.207638263702393, 3.7164247035980225, 3.565810203552246, 3.7704830169677734, 4.150902271270752, 4.5793328285217285]}